entry_dt,exit_dt,direction,entry_price,exit_price,sl,tp,pnl_usd,result,capital,pips,spread_pips,slippage_pips,commission_usd,type
2021-05-26 00:00:00,2021-05-26 00:00:00,LONG,1.2249299999999999,1.2249299999999999,0.0,0.0,-0.001,COST,149.999,0.0,1.5,0.2,0.0,COST
2021-05-26 00:00:00,2021-05-26 16:00:00,LONG,1.2249299999999999,1.2214797197326894,1.2214997197326893,1.2340774140461612,-2.2427,LOSS,147.7563,-34.5,1.5,0.2,0.0,SL
2021-05-31 00:00:00,2021-05-31 00:00:00,SHORT,1.21991,1.21991,0.0,0.0,-0.0007,COST,147.7557,0.0,1.5,0.2,0.0,COST
2021-05-31 00:00:00,2021-06-01 16:00:00,SHORT,1.21991,1.2246817029195058,1.224661702919506,1.207238792214651,-2.195,LOSS,145.5607,-47.7,1.5,0.2,0.0,SL
2021-06-01 20:00:00,2021-06-01 20:00:00,LONG,1.2233299999999998,1.2233299999999998,0.0,0.0,-0.0009,COST,145.5598,0.0,1.5,0.2,0.0,COST
2021-06-01 20:00:00,2021-06-02 08:00:00,LONG,1.2233299999999998,1.219665549383672,1.219685549383672,1.2330485349768738,-2.162,LOSS,143.3978,-36.6,1.5,0.2,0.0,SL
2021-06-03 00:00:00,2021-06-03 00:00:00,SHORT,1.2209500000000002,1.2209500000000002,0.0,0.0,-0.0009,COST,143.3968,0.0,1.5,0.2,0.0,COST
2021-06-03 00:00:00,2021-06-03 12:00:00,SHORT,1.2209500000000002,1.2162838057972778,1.2244646456520418,1.2162638057972779,1.4232,WIN_PARTIAL,144.82,46.7,1.5,0.2,0.0,TP1
2021-06-03 00:00:00,2021-06-04 00:00:00,SHORT,1.2209500000000002,1.2115976115945555,1.2204813805797279,1.2115776115945556,2.8525,WIN,147.6725,93.5,1.5,0.2,0.0,TP2
2021-06-07 12:00:00,2021-06-07 12:00:00,SHORT,1.21618,1.21618,0.0,0.0,-0.001,COST,147.6715,0.0,1.5,0.2,0.0,COST
2021-06-07 12:00:00,2021-06-07 16:00:00,SHORT,1.21618,1.2195763688797492,1.2195563688797493,1.2071763496540022,-2.2076,LOSS,145.4639,-34.0,1.5,0.2,0.0,SL
2021-06-08 12:00:00,2021-06-08 12:00:00,SHORT,1.2175900000000002,1.2175900000000002,0.0,0.0,-0.001,COST,145.4628,0.0,1.5,0.2,0.0,COST
2021-06-08 12:00:00,2021-06-09 16:00:00,SHORT,1.2175900000000002,1.220708902235487,1.220688902235487,1.2093262607053685,-2.1832,LOSS,143.2796,-31.2,1.5,0.2,0.0,SL
2021-07-12 16:00:00,2021-07-12 16:00:00,SHORT,1.1853,1.1853,0.0,0.0,-0.001,COST,143.2787,0.0,1.5,0.2,0.0,COST
2021-07-12 16:00:00,2021-07-13 12:00:00,SHORT,1.1853,1.1808427572890854,1.188657932033186,1.1808227572890855,1.4263,WIN_PARTIAL,144.705,44.6,1.5,0.2,0.0,TP1
2021-07-12 16:00:00,2021-07-14 16:00:00,SHORT,1.1853,1.1832565533886432,1.1848522757289086,1.176345514578171,0.6539,BREAKEVEN,145.3589,20.4,1.5,0.2,0.0,SL
2021-07-27 12:00:00,2021-07-27 12:00:00,SHORT,1.17774,1.17774,0.0,0.0,-0.001,COST,145.3579,0.0,1.5,0.2,0.0,COST
2021-07-27 12:00:00,2021-07-27 16:00:00,SHORT,1.17774,1.1809536133132497,1.1809336133132498,1.169223697831334,-2.1853,LOSS,143.1726,-32.1,1.5,0.2,0.0,SL
2021-07-28 12:00:00,2021-07-28 12:00:00,LONG,1.18291,1.18291,0.0,0.0,-0.0009,COST,143.1717,0.0,1.5,0.2,0.0,COST
2021-07-28 12:00:00,2021-07-28 16:00:00,LONG,1.18291,1.179392647186356,1.179412647186356,1.1922362741697174,-2.1456,LOSS,141.0261,-35.2,1.5,0.2,0.0,SL
2021-07-29 00:00:00,2021-07-29 00:00:00,LONG,1.1843299999999999,1.1843299999999999,0.0,0.0,-0.0006,COST,141.0255,0.0,1.5,0.2,0.0,COST
2021-07-29 00:00:00,2021-08-06 12:00:00,LONG,1.1843299999999999,1.179363228405459,1.1793832284054588,1.1975213909187759,-2.086,LOSS,138.9394,-49.7,1.5,0.2,0.0,SL
2021-08-25 00:00:00,2021-08-25 00:00:00,LONG,1.17539,1.17539,0.0,0.0,-0.001,COST,138.9384,0.0,1.5,0.2,0.0,COST
2021-08-25 00:00:00,2021-08-27 16:00:00,LONG,1.17539,1.1793131050729107,1.172432671195317,1.1793331050729106,1.3731,WIN_PARTIAL,140.3115,39.2,1.5,0.2,0.0,TP1
2021-08-25 00:00:00,2021-08-31 12:00:00,LONG,1.17539,1.1832562101458213,1.175784310507291,1.1832762101458212,2.7532,WIN,143.0646,78.7,1.5,0.2,0.0,TP2
2021-09-13 00:00:00,2021-09-13 00:00:00,SHORT,1.18141,1.18141,0.0,0.0,-0.0012,COST,143.0635,0.0,1.5,0.2,0.0,COST
2021-09-13 00:00:00,2021-09-13 08:00:00,SHORT,1.18141,1.1777215633450875,1.1841913274911844,1.1777015633450876,1.42,WIN_PARTIAL,144.4835,36.9,1.5,0.2,0.0,TP1
2021-09-13 00:00:00,2021-09-13 16:00:00,SHORT,1.18141,1.1810591563345088,1.1810391563345088,1.173993126690175,0.1351,BREAKEVEN,144.6186,3.5,1.5,0.2,0.0,SL
2021-10-15 00:00:00,2021-10-15 00:00:00,LONG,1.15949,1.15949,0.0,0.0,-0.001,COST,144.6176,0.0,1.5,0.2,0.0,COST
2021-10-15 00:00:00,2021-10-19 04:00:00,LONG,1.15949,1.1637214217827068,1.1563014336629698,1.1637414217827067,1.4387,WIN_PARTIAL,146.0563,42.3,1.5,0.2,0.0,TP1
2021-10-15 00:00:00,2021-10-25 12:00:00,LONG,1.15949,1.1606957227716164,1.1599151421782705,1.1679928435654137,0.4099,BREAKEVEN,146.4662,12.1,1.5,0.2,0.0,SL
2021-10-27 12:00:00,2021-10-27 12:00:00,SHORT,1.15947,1.15947,0.0,0.0,-0.0011,COST,146.4651,0.0,1.5,0.2,0.0,COST
2021-10-27 12:00:00,2021-10-28 12:00:00,SHORT,1.15947,1.16242683939185,1.16240683939185,1.1516384282883998,-2.1881,LOSS,144.277,-29.6,1.5,0.2,0.0,SL
2021-11-02 12:00:00,2021-11-02 12:00:00,SHORT,1.1598700000000002,1.1598700000000002,0.0,0.0,-0.0009,COST,144.2761,0.0,1.5,0.2,0.0,COST
2021-11-02 12:00:00,2021-11-04 08:00:00,SHORT,1.1598700000000002,1.155172112079589,1.1634084159403084,1.1551521120795891,1.4329,WIN_PARTIAL,145.709,47.0,1.5,0.2,0.0,TP1
2021-11-02 12:00:00,2021-11-08 12:00:00,SHORT,1.1598700000000002,1.1578373599005138,1.159398211207959,1.150434224159178,0.62,BREAKEVEN,146.3289,20.3,1.5,0.2,0.0,SL
2021-11-10 12:00:00,2021-11-10 12:00:00,SHORT,1.1577300000000001,1.1577300000000001,0.0,0.0,-0.001,COST,146.3279,0.0,1.5,0.2,0.0,COST
2021-11-10 12:00:00,2021-11-10 16:00:00,SHORT,1.1577300000000001,1.1535452236265256,1.160883582280106,1.1535252236265257,1.4437,WIN_PARTIAL,147.7716,41.8,1.5,0.2,0.0,TP1
2021-11-10 12:00:00,2021-11-10 20:00:00,SHORT,1.1577300000000001,1.1493404472530513,1.1573095223626526,1.1493204472530514,2.8944,WIN,150.666,83.9,1.5,0.2,0.0,TP2
2021-12-01 16:00:00,2021-12-01 16:00:00,LONG,1.1337499999999998,1.1337499999999998,0.0,0.0,-0.0006,COST,150.6655,0.0,1.5,0.2,0.0,COST
2021-12-01 16:00:00,2021-12-03 16:00:00,LONG,1.1337499999999998,1.1277480214665987,1.1277680214665986,1.1497019427557365,-2.2207,LOSS,148.4448,-60.0,1.5,0.2,0.0,SL
2021-12-07 12:00:00,2021-12-07 12:00:00,SHORT,1.1274300000000002,1.1274300000000002,0.0,0.0,-0.0009,COST,148.4439,0.0,1.5,0.2,0.0,COST
2021-12-07 12:00:00,2021-12-08 12:00:00,SHORT,1.1274300000000002,1.131304909737271,1.131284909737271,1.1171502407006113,-2.2087,LOSS,146.2352,-38.7,1.5,0.2,0.0,SL
2021-12-14 00:00:00,2021-12-14 00:00:00,SHORT,1.12805,1.12805,0.0,0.0,-0.0009,COST,146.2343,0.0,1.5,0.2,0.0,COST
2021-12-14 00:00:00,2021-12-14 12:00:00,SHORT,1.12805,1.1319015000645676,1.1318815000645677,1.117832666494486,-2.1954,LOSS,144.039,-38.5,1.5,0.2,0.0,SL
2021-12-14 20:00:00,2021-12-14 20:00:00,SHORT,1.12717,1.12717,0.0,0.0,-0.0008,COST,144.0382,0.0,1.5,0.2,0.0,COST
2021-12-14 20:00:00,2021-12-16 08:00:00,SHORT,1.12717,1.1311908563403765,1.1311708563403766,1.1165010497589953,-2.1713,LOSS,141.8669,-40.2,1.5,0.2,0.0,SL
2021-12-17 00:00:00,2021-12-17 00:00:00,LONG,1.1329799999999999,1.1329799999999999,0.0,0.0,-0.0006,COST,141.8663,0.0,1.5,0.2,0.0,COST
2021-12-17 00:00:00,2021-12-17 16:00:00,LONG,1.1329799999999999,1.1277991898575792,1.1278191898575791,1.1467421603797885,-2.1241,LOSS,139.7422,-51.8,1.5,0.2,0.0,SL
2021-12-29 20:00:00,2021-12-29 20:00:00,LONG,1.1337599999999999,1.1337599999999999,0.0,0.0,-0.0008,COST,139.7414,0.0,1.5,0.2,0.0,COST
2021-12-29 20:00:00,2022-01-03 16:00:00,LONG,1.1337599999999999,1.1296659163365605,1.1296859163365605,1.1446242231025048,-2.088,LOSS,137.6534,-40.9,1.5,0.2,0.0,SL
2022-01-05 00:00:00,2022-01-05 00:00:00,SHORT,1.1285,1.1285,0.0,0.0,-0.0007,COST,137.6527,0.0,1.5,0.2,0.0,COST
2022-01-05 00:00:00,2022-01-05 12:00:00,SHORT,1.1285,1.1327039720704808,1.1326839720704809,1.1173427411453842,-2.0599,LOSS,135.5927,-42.0,1.5,0.2,0.0,SL
2022-01-06 12:00:00,2022-01-06 12:00:00,SHORT,1.1305100000000001,1.1305100000000001,0.0,0.0,-0.0009,COST,135.5919,0.0,1.5,0.2,0.0,COST
2022-01-06 12:00:00,2022-01-07 16:00:00,SHORT,1.1305100000000001,1.1340453965292359,1.134025396529236,1.121135609255371,-2.0152,LOSS,133.5767,-35.4,1.5,0.2,0.0,SL
2022-01-11 20:00:00,2022-01-11 20:00:00,LONG,1.13544,1.13544,0.0,0.0,-0.0007,COST,133.576,0.0,1.5,0.2,0.0,COST
2022-01-11 20:00:00,2022-01-12 12:00:00,LONG,1.13544,1.1408841233485463,1.1313419074885904,1.1409041233485462,1.3066,WIN_PARTIAL,134.8826,54.4,1.5,0.2,0.0,TP1
2022-01-11 20:00:00,2022-01-13 08:00:00,LONG,1.13544,1.1463482466970922,1.1359864123348546,1.1463682466970921,2.618,WIN,137.5006,109.1,1.5,0.2,0.0,TP2
2022-01-25 00:00:00,2022-01-25 00:00:00,SHORT,1.1322400000000001,1.1322400000000001,0.0,0.0,-0.0009,COST,137.4997,0.0,1.5,0.2,0.0,COST
2022-01-25 00:00:00,2022-01-25 12:00:00,SHORT,1.1322400000000001,1.1274825128543036,1.1358231153592724,1.1274625128543037,1.3559,WIN_PARTIAL,138.8556,47.6,1.5,0.2,0.0,TP1
2022-01-25 00:00:00,2022-01-26 20:00:00,SHORT,1.1322400000000001,1.1300418589321204,1.1317622512854304,1.1226850257086074,0.6265,BREAKEVEN,139.4821,22.0,1.5,0.2,0.0,SL
2022-02-16 00:00:00,2022-02-16 00:00:00,SHORT,1.1356600000000001,1.1356600000000001,0.0,0.0,-0.0007,COST,139.4814,0.0,1.5,0.2,0.0,COST
2022-02-16 00:00:00,2022-02-22 04:00:00,SHORT,1.1356600000000001,1.1295646887644382,1.1402464834266715,1.1295446887644383,1.3714,WIN_PARTIAL,140.8528,61.0,1.5,0.2,0.0,TP1
2022-02-16 00:00:00,2022-02-22 12:00:00,SHORT,1.1356600000000001,1.1350684688764439,1.135048468876444,1.1234293775288764,0.1331,BREAKEVEN,140.9859,5.9,1.5,0.2,0.0,SL
2022-02-23 20:00:00,2022-02-23 20:00:00,SHORT,1.13121,1.13121,0.0,0.0,-0.0007,COST,140.9852,0.0,1.5,0.2,0.0,COST
2022-02-23 20:00:00,2022-02-24 04:00:00,SHORT,1.13121,1.1251192640174341,1.1357930519869244,1.1250992640174342,1.4009,WIN_PARTIAL,142.3861,60.9,1.5,0.2,0.0,TP1
2022-02-23 20:00:00,2022-02-24 12:00:00,SHORT,1.13121,1.1190085280348683,1.1305989264017435,1.1189885280348684,2.8063,WIN,145.1924,122.0,1.5,0.2,0.0,TP2
2022-03-21 12:00:00,2022-03-21 12:00:00,LONG,1.1057299999999999,1.1057299999999999,0.0,0.0,-0.0006,COST,145.1918,0.0,1.5,0.2,0.0,COST
2022-03-21 12:00:00,2022-03-22 00:00:00,LONG,1.1057299999999999,1.1005113055348528,1.1005313055348527,1.1195931852403922,-2.1397,LOSS,143.0522,-52.2,1.5,0.2,0.0,SL
2022-03-25 12:00:00,2022-03-25 12:00:00,SHORT,1.10051,1.10051,0.0,0.0,-0.0007,COST,143.0514,0.0,1.5,0.2,0.0,COST
2022-03-25 12:00:00,2022-03-28 08:00:00,SHORT,1.10051,1.0947098679080125,1.1048750990689906,1.0946898679080126,1.421,WIN_PARTIAL,144.4725,58.0,1.5,0.2,0.0,TP1
2022-03-25 12:00:00,2022-03-28 16:00:00,SHORT,1.10051,1.0999479867908013,1.0999279867908014,1.088869735816025,0.1377,BREAKEVEN,144.6102,5.6,1.5,0.2,0.0,SL
2022-03-29 00:00:00,2022-03-29 00:00:00,SHORT,1.0983200000000002,1.0983200000000002,0.0,0.0,-0.0006,COST,144.6095,0.0,1.5,0.2,0.0,COST
2022-03-29 00:00:00,2022-03-29 12:00:00,SHORT,1.0983200000000002,1.1034044777780796,1.1033844777780797,1.0848147259251213,-2.1355,LOSS,142.474,-50.8,1.5,0.2,0.0,SL
2022-04-22 12:00:00,2022-04-22 12:00:00,SHORT,1.07976,1.07976,0.0,0.0,-0.0006,COST,142.4735,0.0,1.5,0.2,0.0,COST
2022-04-22 12:00:00,2022-04-25 08:00:00,SHORT,1.07976,1.072107903709499,1.0855140722178758,1.072087903709499,1.4156,WIN_PARTIAL,143.8891,76.5,1.5,0.2,0.0,TP1
2022-04-22 12:00:00,2022-04-26 16:00:00,SHORT,1.07976,1.064435807418998,1.07899279037095,1.064415807418998,2.835,WIN,146.7241,153.2,1.5,0.2,0.0,TP2
2022-05-09 00:00:00,2022-05-09 00:00:00,SHORT,1.0538500000000002,1.0538500000000002,0.0,0.0,-0.0004,COST,146.7237,0.0,1.5,0.2,0.0,COST
2022-05-09 00:00:00,2022-05-12 08:00:00,SHORT,1.0538500000000002,1.044373649628856,1.0609722627783582,1.0443536496288561,1.4215,WIN_PARTIAL,148.1451,94.8,1.5,0.2,0.0,TP1
2022-05-09 00:00:00,2022-05-17 08:00:00,SHORT,1.0538500000000002,1.04783043796393,1.0529003649628859,1.034857299257712,0.9029,BREAKEVEN,149.048,60.2,1.5,0.2,0.0,SL
2022-05-18 16:00:00,2022-05-18 16:00:00,LONG,1.05213,1.05213,0.0,0.0,-0.0006,COST,149.0474,0.0,1.5,0.2,0.0,COST
2022-05-18 16:00:00,2022-05-18 20:00:00,LONG,1.05213,1.046830711711208,1.0468507117112078,1.0662081021034457,-2.2257,LOSS,146.8217,-53.0,1.5,0.2,0.0,SL
2022-05-19 12:00:00,2022-05-19 12:00:00,SHORT,1.04949,1.04949,0.0,0.0,-0.0006,COST,146.8211,0.0,1.5,0.2,0.0,COST
2022-05-19 12:00:00,2022-05-19 16:00:00,SHORT,1.04949,1.0551155880119973,1.0550955880119974,1.0345417653013405,-2.194,LOSS,144.6271,-56.3,1.5,0.2,0.0,SL
2022-05-23 00:00:00,2022-05-23 00:00:00,LONG,1.0560299999999998,1.0560299999999998,0.0,0.0,-0.0006,COST,144.6265,0.0,1.5,0.2,0.0,COST
2022-05-23 00:00:00,2022-05-23 08:00:00,LONG,1.0560299999999998,1.0632009083771723,1.0506368187171204,1.0632209083771722,1.4342,WIN_PARTIAL,146.0607,71.7,1.5,0.2,0.0,TP1
2022-05-23 00:00:00,2022-05-24 08:00:00,LONG,1.0560299999999998,1.0703918167543447,1.056749090837717,1.0704118167543446,2.8724,WIN,148.9331,143.6,1.5,0.2,0.0,TP2
2022-06-02 16:00:00,2022-06-02 16:00:00,LONG,1.07035,1.07035,0.0,0.0,-0.0006,COST,148.9324,0.0,1.5,0.2,0.0,COST
2022-06-02 16:00:00,2022-06-09 12:00:00,LONG,1.07035,1.0771846733767871,1.0652089949674095,1.077204673376787,1.4695,WIN_PARTIAL,150.4019,68.3,1.5,0.2,0.0,TP1
2022-06-02 16:00:00,2022-06-09 16:00:00,LONG,1.07035,1.0710154673376788,1.0710354673376787,1.0840593467535744,0.1431,BREAKEVEN,150.545,6.7,1.5,0.2,0.0,SL
2022-06-17 20:00:00,2022-06-17 20:00:00,SHORT,1.04674,1.04674,0.0,0.0,-0.0004,COST,150.5446,0.0,1.5,0.2,0.0,COST
2022-06-17 20:00:00,2022-06-21 08:00:00,SHORT,1.04674,1.0548514595539815,1.0548314595539816,1.0251627745227154,-2.1901,LOSS,148.3545,-81.1,1.5,0.2,0.0,SL
2022-07-22 00:00:00,2022-07-22 00:00:00,LONG,1.02284,1.02284,0.0,0.0,-0.0003,COST,148.3541,0.0,1.5,0.2,0.0,COST
2022-07-22 00:00:00,2022-07-22 08:00:00,LONG,1.02284,1.0133848922766693,1.0134048922766692,1.0480002872622154,-2.1747,LOSS,146.1795,-94.6,1.5,0.2,0.0,SL
2022-07-22 20:00:00,2022-07-22 20:00:00,LONG,1.0232299999999999,1.0232299999999999,0.0,0.0,-0.0004,COST,146.1791,0.0,1.5,0.2,0.0,COST
2022-07-22 20:00:00,2022-07-26 12:00:00,LONG,1.0232299999999999,1.0142243136896545,1.0142443136896544,1.0471918301609213,-2.1614,LOSS,144.0177,-90.1,1.5,0.2,0.0,SL
2022-07-27 12:00:00,2022-07-27 12:00:00,SHORT,1.01417,1.01417,0.0,0.0,-0.0006,COST,144.0172,0.0,1.5,0.2,0.0,COST
2022-07-27 12:00:00,2022-07-27 20:00:00,SHORT,1.01417,1.0197624726199834,1.0197424726199835,0.9993100730133775,-2.1251,LOSS,141.892,-55.9,1.5,0.2,0.0,SL
2022-07-28 20:00:00,2022-07-28 20:00:00,SHORT,1.0157800000000001,1.0157800000000001,0.0,0.0,-0.0004,COST,141.8916,0.0,1.5,0.2,0.0,COST
2022-07-28 20:00:00,2022-07-29 08:00:00,SHORT,1.0157800000000001,1.02377991236495,1.0237599123649501,0.9945002336934669,-2.08,LOSS,139.8117,-80.0,1.5,0.2,0.0,SL
2022-07-29 12:00:00,2022-07-29 12:00:00,LONG,1.0221799999999999,1.0221799999999999,0.0,0.0,-0.0004,COST,139.8112,0.0,1.5,0.2,0.0,COST
2022-07-29 12:00:00,2022-07-29 16:00:00,LONG,1.0221799999999999,1.0152391830705119,1.0152591830705118,1.0406355118119681,-2.0822,LOSS,137.729,-69.4,1.5,0.2,0.0,SL
2022-08-04 16:00:00,2022-08-04 16:00:00,SHORT,1.01879,1.01879,0.0,0.0,-0.0006,COST,137.7284,0.0,1.5,0.2,0.0,COST
2022-08-04 16:00:00,2022-08-04 20:00:00,SHORT,1.01879,1.0240220068601604,1.0240020068601605,1.0048913150395722,-2.0405,LOSS,135.6879,-52.3,1.5,0.2,0.0,SL
2022-08-10 12:00:00,2022-08-10 12:00:00,LONG,1.02226,1.02226,0.0,0.0,-0.0008,COST,135.6871,0.0,1.5,0.2,0.0,COST
2022-08-10 12:00:00,2022-08-10 16:00:00,LONG,1.02226,1.0271190487774886,1.0186007134168835,1.0271390487774885,1.3362,WIN_PARTIAL,137.0233,48.6,1.5,0.2,0.0,TP1
2022-08-10 12:00:00,2022-08-10 20:00:00,LONG,1.02226,1.0319980975549774,1.0227479048777488,1.0320180975549773,2.678,WIN,139.7013,97.4,1.5,0.2,0.0,TP2
2022-08-31 12:00:00,2022-08-31 12:00:00,SHORT,0.99792,0.99792,0.0,0.0,-0.0005,COST,139.7008,0.0,1.5,0.2,0.0,COST
2022-08-31 12:00:00,2022-08-31 16:00:00,SHORT,0.99792,1.0042723492303516,1.0042523492303517,0.9810337353857288,-2.0963,LOSS,137.6045,-63.5,1.5,0.2,0.0,SL
2022-09-05 00:00:00,2022-09-05 00:00:00,SHORT,0.9928,0.9928,0.0,0.0,-0.0005,COST,137.604,0.0,1.5,0.2,0.0,COST
2022-09-05 00:00:00,2022-09-07 20:00:00,SHORT,0.9928,0.9992424419593533,0.9992224419593533,0.9756734881083913,-2.0616,LOSS,135.5425,-64.4,1.5,0.2,0.0,SL
2022-09-15 00:00:00,2022-09-15 00:00:00,SHORT,0.99779,0.99779,0.0,0.0,-0.0004,COST,135.542,0.0,1.5,0.2,0.0,COST
2022-09-15 00:00:00,2022-09-20 00:00:00,SHORT,0.99779,1.0044380076820814,1.0044180076820814,0.9801153128477826,-1.9944,LOSS,133.5476,-66.5,1.5,0.2,0.0,SL
2022-09-21 00:00:00,2022-09-21 00:00:00,SHORT,0.99695,0.99695,0.0,0.0,-0.0006,COST,133.547,0.0,1.5,0.2,0.0,COST
2022-09-21 00:00:00,2022-09-21 08:00:00,SHORT,0.99695,0.9898022496734228,1.002325812744933,0.9897822496734228,1.3223,WIN_PARTIAL,134.8694,71.5,1.5,0.2,0.0,TP1
2022-09-21 00:00:00,2022-09-21 20:00:00,SHORT,0.99695,0.9826344993468455,0.9962332249673422,0.9826144993468455,2.6484,WIN,137.5177,143.2,1.5,0.2,0.0,TP2
2022-10-03 12:00:00,2022-10-03 12:00:00,LONG,0.9811,0.9811,0.0,0.0,-0.0004,COST,137.5174,0.0,1.5,0.2,0.0,COST
2022-10-03 12:00:00,2022-10-04 12:00:00,LONG,0.9811,0.992064779576743,0.9728614153174426,0.992084779576743,1.3706,WIN_PARTIAL,138.888,109.6,1.5,0.2,0.0,TP1
2022-10-03 12:00:00,2022-10-05 16:00:00,LONG,0.9811,0.9846690255290711,0.9821984779576742,1.0030695591534862,0.4461,BREAKEVEN,139.3341,35.7,1.5,0.2,0.0,SL
2022-10-20 16:00:00,2022-10-20 16:00:00,LONG,0.9803000000000001,0.9803000000000001,0.0,0.0,-0.0006,COST,139.3335,0.0,1.5,0.2,0.0,COST
2022-10-20 16:00:00,2022-10-21 12:00:00,LONG,0.9803000000000001,0.9746986571731431,0.9747186571731431,0.9951835808716187,-2.0725,LOSS,137.261,-56.0,1.5,0.2,0.0,SL
2022-10-24 16:00:00,2022-10-24 16:00:00,LONG,0.98438,0.98438,0.0,0.0,-0.0004,COST,137.2606,0.0,1.5,0.2,0.0,COST
2022-10-24 16:00:00,2022-10-25 16:00:00,LONG,0.98438,0.9941299403728155,0.9770525447203884,0.9941499403728156,1.365,WIN_PARTIAL,138.6256,97.5,1.5,0.2,0.0,TP1
2022-10-24 16:00:00,2022-10-26 08:00:00,LONG,0.98438,1.0038998807456312,0.9853569940372816,1.003919880745631,2.7328,WIN,141.3584,195.2,1.5,0.2,0.0,TP2
2022-11-01 12:00:00,2022-11-01 12:00:00,LONG,0.99342,0.99342,0.0,0.0,-0.0006,COST,141.3578,0.0,1.5,0.2,0.0,COST
2022-11-01 12:00:00,2022-11-01 16:00:00,LONG,0.99342,0.9879417931723719,0.9879617931723719,1.0079752182070083,-2.0817,LOSS,139.2761,-54.8,1.5,0.2,0.0,SL
2022-11-02 16:00:00,2022-11-02 16:00:00,SHORT,0.98941,0.98941,0.0,0.0,-0.0006,COST,139.2755,0.0,1.5,0.2,0.0,COST
2022-11-02 16:00:00,2022-11-02 20:00:00,SHORT,0.98941,0.9944968940339559,0.9944768940339559,0.9758982825761175,-2.0856,LOSS,137.1899,-50.9,1.5,0.2,0.0,SL
2022-11-22 20:00:00,2022-11-22 20:00:00,LONG,1.02961,1.02961,0.0,0.0,-0.0006,COST,137.1893,0.0,1.5,0.2,0.0,COST
2022-11-22 20:00:00,2022-11-23 16:00:00,LONG,1.02961,1.0368039852630824,1.0241995110526882,1.0368239852630823,1.3669,WIN_PARTIAL,138.5562,71.9,1.5,0.2,0.0,TP1
2022-11-22 20:00:00,2022-11-24 04:00:00,LONG,1.02961,1.0440179705261647,1.030331398526308,1.0440379705261646,2.7375,WIN,141.2937,144.1,1.5,0.2,0.0,TP2
2022-11-30 16:00:00,2022-11-30 16:00:00,LONG,1.03592,1.03592,0.0,0.0,-0.0005,COST,141.2932,0.0,1.5,0.2,0.0,COST
2022-11-30 16:00:00,2022-12-01 00:00:00,LONG,1.03592,1.044544926207192,1.029436305344606,1.0445649262071919,1.38,WIN_PARTIAL,142.6732,86.2,1.5,0.2,0.0,TP1
2022-11-30 16:00:00,2022-12-01 16:00:00,LONG,1.03592,1.053189852414384,1.036784492620719,1.0532098524143838,2.7632,WIN,145.4364,172.7,1.5,0.2,0.0,TP2
2022-12-16 00:00:00,2022-12-16 00:00:00,LONG,1.0623799999999999,1.0623799999999999,0.0,0.0,-0.0004,COST,145.436,0.0,1.5,0.2,0.0,COST
2022-12-16 00:00:00,2023-01-03 08:00:00,LONG,1.0623799999999999,1.0540780822154905,1.0540980822154904,1.084465114092025,-2.1585,LOSS,143.2775,-83.0,1.5,0.2,0.0,SL
2023-01-04 20:00:00,2023-01-04 20:00:00,SHORT,1.06072,1.06072,0.0,0.0,-0.0005,COST,143.277,0.0,1.5,0.2,0.0,COST
2023-01-04 20:00:00,2023-01-05 16:00:00,SHORT,1.06072,1.0523181921908162,1.067036355856888,1.0522981921908163,1.4283,WIN_PARTIAL,144.7053,84.0,1.5,0.2,0.0,TP1
2023-01-04 20:00:00,2023-01-06 16:00:00,SHORT,1.06072,1.0598978192190815,1.0598778192190816,1.0438763843816323,0.1398,BREAKEVEN,144.845,8.2,1.5,0.2,0.0,SL
2023-01-19 12:00:00,2023-01-19 12:00:00,LONG,1.08252,1.08252,0.0,0.0,-0.0005,COST,144.8445,0.0,1.5,0.2,0.0,COST
2023-01-19 12:00:00,2023-01-23 08:00:00,LONG,1.08252,1.0907426573026622,1.0763380070230033,1.090762657302662,1.439,WIN_PARTIAL,146.2835,82.2,1.5,0.2,0.0,TP1
2023-01-19 12:00:00,2023-01-31 04:00:00,LONG,1.08252,1.0833242657302662,1.083344265730266,1.0990053146053245,0.1407,BREAKEVEN,146.4242,8.0,1.5,0.2,0.0,SL
2023-02-01 12:00:00,2023-02-01 12:00:00,LONG,1.0882699999999998,1.0882699999999998,0.0,0.0,-0.0008,COST,146.4234,0.0,1.5,0.2,0.0,COST
2023-02-01 12:00:00,2023-02-01 20:00:00,LONG,1.0882699999999998,1.093457258022303,1.0843645564832725,1.093477258022303,1.4524,WIN_PARTIAL,147.8758,51.9,1.5,0.2,0.0,TP1
2023-02-01 12:00:00,2023-02-02 00:00:00,LONG,1.0882699999999998,1.0986645160446062,1.0887907258022302,1.0986845160446062,2.9105,WIN,150.7863,103.9,1.5,0.2,0.0,TP2
2023-03-16 16:00:00,2023-03-16 16:00:00,SHORT,1.06071,1.06071,0.0,0.0,-0.0004,COST,150.7858,0.0,1.5,0.2,0.0,COST
2023-03-16 16:00:00,2023-03-17 20:00:00,SHORT,1.06071,1.0682101674171258,1.068190167417126,1.0407628868876642,-2.2501,LOSS,148.5358,-75.0,1.5,0.2,0.0,SL
2023-04-06 12:00:00,2023-04-06 12:00:00,LONG,1.0899599999999998,1.0899599999999998,0.0,0.0,-0.0008,COST,148.535,0.0,1.5,0.2,0.0,COST
2023-04-06 12:00:00,2023-04-10 12:00:00,LONG,1.0899599999999998,1.0855413460802668,1.0855613460802667,1.1016897437859547,-2.2093,LOSS,146.3257,-44.2,1.5,0.2,0.0,SL
2023-04-11 12:00:00,2023-04-11 12:00:00,LONG,1.09072,1.09072,0.0,0.0,-0.0008,COST,146.3249,0.0,1.5,0.2,0.0,COST
2023-04-11 12:00:00,2023-04-12 12:00:00,LONG,1.09072,1.0960876710231158,1.086679246732663,1.0961076710231157,1.4493,WIN_PARTIAL,147.7742,53.7,1.5,0.2,0.0,TP1
2023-04-11 12:00:00,2023-04-13 08:00:00,LONG,1.09072,1.1014753420462318,1.0912587671023115,1.1014953420462317,2.9039,WIN,150.6781,107.6,1.5,0.2,0.0,TP2
2023-04-18 12:00:00,2023-04-18 12:00:00,LONG,1.09814,1.09814,0.0,0.0,-0.0008,COST,150.6774,0.0,1.5,0.2,0.0,COST
2023-04-18 12:00:00,2023-04-19 12:00:00,LONG,1.09814,1.093654973927428,1.0936749739274279,1.1100467361935256,-2.2425,LOSS,148.4348,-44.9,1.5,0.2,0.0,SL
2023-04-20 12:00:00,2023-04-20 12:00:00,LONG,1.09717,1.09717,0.0,0.0,-0.0009,COST,148.4339,0.0,1.5,0.2,0.0,COST
2023-04-20 12:00:00,2023-04-24 12:00:00,LONG,1.09717,1.1018852015202545,1.093618598859809,1.1019052015202544,1.4617,WIN_PARTIAL,149.8956,47.2,1.5,0.2,0.0,TP1
2023-04-20 12:00:00,2023-04-25 00:00:00,LONG,1.09717,1.106620403040509,1.0976435201520254,1.1066404030405088,2.9296,WIN,152.8252,94.5,1.5,0.2,0.0,TP2
2023-04-28 00:00:00,2023-04-28 00:00:00,LONG,1.10283,1.10283,0.0,0.0,-0.0008,COST,152.8245,0.0,1.5,0.2,0.0,COST
2023-04-28 00:00:00,2023-04-28 08:00:00,LONG,1.10283,1.0982446002252932,1.0982646002252932,1.115004399399218,-2.2927,LOSS,150.5318,-45.9,1.5,0.2,0.0,SL
2023-04-28 20:00:00,2023-04-28 20:00:00,LONG,1.1031099999999998,1.1031099999999998,0.0,0.0,-0.0006,COST,150.5312,0.0,1.5,0.2,0.0,COST
2023-04-28 20:00:00,2023-05-01 16:00:00,LONG,1.1031099999999998,1.0975213107377115,1.0975413107377114,1.1179598380327687,-2.2355,LOSS,148.2957,-55.9,1.5,0.2,0.0,SL
2023-05-09 12:00:00,2023-05-09 12:00:00,SHORT,1.0978700000000001,1.0978700000000001,0.0,0.0,-0.0008,COST,148.2949,0.0,1.5,0.2,0.0,COST
2023-05-09 12:00:00,2023-05-11 08:00:00,SHORT,1.0978700000000001,1.0924205801385123,1.101972064896116,1.0924005801385124,1.4713,WIN_PARTIAL,149.7663,54.5,1.5,0.2,0.0,TP1
2023-05-09 12:00:00,2023-05-12 16:00:00,SHORT,1.0978700000000001,1.0869511602770245,1.0973230580138513,1.0869311602770246,2.9481,WIN,152.7143,109.2,1.5,0.2,0.0,TP2
2023-06-02 20:00:00,2023-06-02 20:00:00,SHORT,1.07099,1.07099,0.0,0.0,-0.0007,COST,152.7136,0.0,1.5,0.2,0.0,COST
2023-06-02 20:00:00,2023-06-08 12:00:00,SHORT,1.07099,1.075856692811389,1.0758366928113892,1.0580654858362961,-2.2873,LOSS,150.4263,-48.7,1.5,0.2,0.0,SL
2023-06-12 00:00:00,2023-06-12 00:00:00,LONG,1.0745,1.0745,0.0,0.0,-0.001,COST,150.4253,0.0,1.5,0.2,0.0,COST
2023-06-12 00:00:00,2023-06-12 12:00:00,LONG,1.0745,1.0788785688868963,1.0712010733348278,1.0788985688868962,1.4887,WIN_PARTIAL,151.914,43.8,1.5,0.2,0.0,TP1
2023-06-12 00:00:00,2023-06-12 16:00:00,LONG,1.0745,1.0749198568886897,1.0749398568886896,1.0832971377737926,0.1428,BREAKEVEN,152.0567,4.2,1.5,0.2,0.0,SL
2023-06-13 00:00:00,2023-06-13 00:00:00,LONG,1.0756899999999998,1.0756899999999998,0.0,0.0,-0.001,COST,152.0558,0.0,1.5,0.2,0.0,COST
2023-06-13 00:00:00,2023-06-13 08:00:00,LONG,1.0756899999999998,1.0803321640840946,1.0721933769369287,1.0803521640840945,1.5087,WIN_PARTIAL,153.5645,46.4,1.5,0.2,0.0,TP1
2023-06-13 00:00:00,2023-06-14 16:00:00,LONG,1.0756899999999998,1.084994328168189,1.0761562164084093,1.085014328168189,3.0239,WIN,156.5884,93.0,1.5,0.2,0.0,TP2
2023-07-03 12:00:00,2023-07-03 12:00:00,SHORT,1.0886200000000001,1.0886200000000001,0.0,0.0,-0.0008,COST,156.5876,0.0,1.5,0.2,0.0,COST
2023-07-03 12:00:00,2023-07-03 16:00:00,SHORT,1.0886200000000001,1.0930982101704625,1.0930782101704626,1.0767314395454337,-2.3287,LOSS,154.2589,-44.8,1.5,0.2,0.0,SL
2023-07-05 00:00:00,2023-07-05 00:00:00,SHORT,1.0878800000000002,1.0878800000000002,0.0,0.0,-0.0011,COST,154.2578,0.0,1.5,0.2,0.0,COST
2023-07-05 00:00:00,2023-07-06 04:00:00,SHORT,1.0878800000000002,1.0836530709491696,1.091065196788123,1.0836330709491697,1.5217,WIN_PARTIAL,155.7795,42.3,1.5,0.2,0.0,TP1
2023-07-05 00:00:00,2023-07-06 08:00:00,SHORT,1.0878800000000002,1.087475307094917,1.0874553070949171,1.0793861418983393,0.1457,BREAKEVEN,155.9252,4.0,1.5,0.2,0.0,SL
2023-07-06 20:00:00,2023-07-06 20:00:00,SHORT,1.08721,1.08721,0.0,0.0,-0.0008,COST,155.9244,0.0,1.5,0.2,0.0,COST
2023-07-06 20:00:00,2023-07-07 12:00:00,SHORT,1.08721,1.0916859072800837,1.0916659072800838,1.0753275805864433,-2.3275,LOSS,153.597,-44.8,1.5,0.2,0.0,SL
2023-08-09 16:00:00,2023-08-09 16:00:00,SHORT,1.0981500000000002,1.0981500000000002,0.0,0.0,-0.0009,COST,153.596,0.0,1.5,0.2,0.0,COST
2023-08-09 16:00:00,2023-08-10 08:00:00,SHORT,1.0981500000000002,1.1018831183671334,1.1018631183671335,1.0882483510209784,-2.3145,LOSS,151.2815,-37.3,1.5,0.2,0.0,SL
2023-08-24 12:00:00,2023-08-24 12:00:00,SHORT,1.08619,1.08619,0.0,0.0,-0.0009,COST,151.2806,0.0,1.5,0.2,0.0,COST
2023-08-24 12:00:00,2023-08-24 20:00:00,SHORT,1.08619,1.0811558943332908,1.089980579250032,1.081135894333291,1.4851,WIN_PARTIAL,152.7657,50.3,1.5,0.2,0.0,TP1
2023-08-24 12:00:00,2023-08-29 16:00:00,SHORT,1.08619,1.0845676320833864,1.0856845894333291,1.0760817886665817,0.4786,BREAKEVEN,153.2443,16.2,1.5,0.2,0.0,SL
2023-09-13 20:00:00,2023-09-13 20:00:00,SHORT,1.0740500000000002,1.0740500000000002,0.0,0.0,-0.0008,COST,153.2435,0.0,1.5,0.2,0.0,COST
2023-09-13 20:00:00,2023-09-14 12:00:00,SHORT,1.0740500000000002,1.0684648660528704,1.0782538504603474,1.0684448660528705,1.508,WIN_PARTIAL,154.7515,55.9,1.5,0.2,0.0,TP1
2023-09-13 20:00:00,2023-09-19 12:00:00,SHORT,1.0740500000000002,1.0712264174339121,1.0734894866052873,1.0628397321057408,0.7624,BREAKEVEN,155.5138,28.2,1.5,0.2,0.0,SL
2023-09-22 20:00:00,2023-09-22 20:00:00,SHORT,1.06553,1.06553,0.0,0.0,-0.0008,COST,155.513,0.0,1.5,0.2,0.0,COST
2023-09-22 20:00:00,2023-09-25 16:00:00,SHORT,1.06553,1.0595965128193499,1.0699951153854876,1.05957651281935,1.5427,WIN_PARTIAL,157.0558,59.3,1.5,0.2,0.0,TP1
2023-09-22 20:00:00,2023-09-27 12:00:00,SHORT,1.06553,1.0536430256386997,1.064934651281935,1.0536230256386998,3.0906,WIN,160.1464,118.9,1.5,0.2,0.0,TP2
2023-10-09 12:00:00,2023-10-09 12:00:00,SHORT,1.0541500000000001,1.0541500000000001,0.0,0.0,-0.0006,COST,160.1457,0.0,1.5,0.2,0.0,COST
2023-10-09 12:00:00,2023-10-10 08:00:00,SHORT,1.0541500000000001,1.0597891652635096,1.0597691652635097,1.0391655592973081,-2.3684,LOSS,157.7773,-56.4,1.5,0.2,0.0,SL
2023-10-13 16:00:00,2023-10-13 16:00:00,SHORT,1.0537500000000002,1.0537500000000002,0.0,0.0,-0.0008,COST,157.7765,0.0,1.5,0.2,0.0,COST
2023-10-13 16:00:00,2023-10-17 16:00:00,SHORT,1.0537500000000002,1.0580863019219435,1.0580663019219436,1.0422398615414843,-2.3416,LOSS,155.4349,-43.4,1.5,0.2,0.0,SL
2023-10-18 12:00:00,2023-10-18 12:00:00,LONG,1.0583,1.0583,0.0,0.0,-0.001,COST,155.4339,0.0,1.5,0.2,0.0,COST
2023-10-18 12:00:00,2023-10-18 16:00:00,LONG,1.0583,1.0546595438861095,1.0546795438861094,1.0679545496370415,-2.3299,LOSS,153.104,-36.4,1.5,0.2,0.0,SL
2023-10-19 00:00:00,2023-10-19 00:00:00,SHORT,1.0536100000000002,1.0536100000000002,0.0,0.0,-0.0008,COST,153.1032,0.0,1.5,0.2,0.0,COST
2023-10-19 00:00:00,2023-10-19 12:00:00,SHORT,1.0536100000000002,1.0577050139502868,1.057685013950287,1.042743296132569,-2.2932,LOSS,150.81,-41.0,1.5,0.2,0.0,SL
2023-10-20 12:00:00,2023-10-20 12:00:00,LONG,1.0587799999999998,1.0587799999999998,0.0,0.0,-0.0009,COST,150.8091,0.0,1.5,0.2,0.0,COST
2023-10-20 12:00:00,2023-10-23 16:00:00,LONG,1.0587799999999998,1.0639810177309204,1.0548642367018095,1.0640010177309203,1.4823,WIN_PARTIAL,152.2914,52.0,1.5,0.2,0.0,TP1
2023-10-20 12:00:00,2023-10-24 08:00:00,LONG,1.0587799999999998,1.0692020354618406,1.059302101773092,1.0692220354618405,2.9703,WIN,155.2617,104.2,1.5,0.2,0.0,TP2
2023-10-27 12:00:00,2023-10-27 12:00:00,SHORT,1.05617,1.05617,0.0,0.0,-0.001,COST,155.2607,0.0,1.5,0.2,0.0,COST
2023-10-27 12:00:00,2023-10-27 16:00:00,SHORT,1.05617,1.0596076429531556,1.0595876429531557,1.0470562854582517,-2.3376,LOSS,152.9231,-34.4,1.5,0.2,0.0,SL
2023-11-13 12:00:00,2023-11-13 12:00:00,LONG,1.06897,1.06897,0.0,0.0,-0.0012,COST,152.9219,0.0,1.5,0.2,0.0,COST
2023-11-13 12:00:00,2023-11-14 12:00:00,LONG,1.06897,1.0727368843461305,1.0661298367404022,1.0727568843461304,1.5068,WIN_PARTIAL,154.4286,37.7,1.5,0.2,0.0,TP1
2023-11-13 12:00:00,2023-11-14 16:00:00,LONG,1.06897,1.0825263945673371,1.069348688434613,1.0765437686922605,5.4226,BREAKEVEN,159.8512,135.6,1.5,0.2,0.0,SL
2024-01-04 16:00:00,2024-01-04 16:00:00,SHORT,1.0946900000000002,1.0946900000000002,0.0,0.0,-0.0008,COST,159.8504,0.0,1.5,0.2,0.0,COST
2024-01-04 16:00:00,2024-01-05 12:00:00,SHORT,1.0946900000000002,1.088485546433789,1.0993583401746585,1.0884655464337891,1.5821,WIN_PARTIAL,161.4326,62.0,1.5,0.2,0.0,TP1
2024-01-04 16:00:00,2024-01-05 16:00:00,SHORT,1.0946900000000002,1.094087554643379,1.0940675546433791,1.0822410928675779,0.1536,BREAKEVEN,161.5862,6.0,1.5,0.2,0.0,SL
2024-01-08 12:00:00,2024-01-08 12:00:00,SHORT,1.09372,1.09372,0.0,0.0,-0.0008,COST,161.5854,0.0,1.5,0.2,0.0,COST
2024-01-08 12:00:00,2024-01-11 04:00:00,SHORT,1.09372,1.0983437423304727,1.0983237423304728,1.0814433537854062,-2.4043,LOSS,159.1811,-46.2,1.5,0.2,0.0,SL
2024-01-11 16:00:00,2024-01-11 16:00:00,SHORT,1.0939800000000002,1.0939800000000002,0.0,0.0,-0.0009,COST,159.1802,0.0,1.5,0.2,0.0,COST
2024-01-11 16:00:00,2024-01-11 20:00:00,SHORT,1.0939800000000002,1.0980673499293039,1.098047349929304,1.0831337335218565,-2.3707,LOSS,156.8095,-40.9,1.5,0.2,0.0,SL
2024-01-15 12:00:00,2024-01-15 12:00:00,SHORT,1.0946500000000001,1.0946500000000001,0.0,0.0,-0.001,COST,156.8085,0.0,1.5,0.2,0.0,COST
2024-01-15 12:00:00,2024-01-16 08:00:00,SHORT,1.0946500000000001,1.0898853600491576,1.098238479963132,1.0898653600491577,1.5485,WIN_PARTIAL,158.3571,47.6,1.5,0.2,0.0,TP1
2024-01-15 12:00:00,2024-01-17 16:00:00,SHORT,1.0946500000000001,1.0851007200983152,1.0941715360049158,1.0850807200983152,3.1035,WIN,161.4606,95.5,1.5,0.2,0.0,TP2
2024-01-22 12:00:00,2024-01-22 12:00:00,SHORT,1.08968,1.08968,0.0,0.0,-0.0012,COST,161.4594,0.0,1.5,0.2,0.0,COST
2024-01-22 12:00:00,2024-01-23 16:00:00,SHORT,1.08968,1.085513079587476,1.092820190309393,1.085493079587476,1.6043,WIN_PARTIAL,163.0637,41.7,1.5,0.2,0.0,TP1
2024-01-22 12:00:00,2024-01-24 08:00:00,SHORT,1.08968,1.0892813079587476,1.0892613079587476,1.0813061591749518,0.1535,BREAKEVEN,163.2172,4.0,1.5,0.2,0.0,SL
2024-01-26 20:00:00,2024-01-26 20:00:00,SHORT,1.08634,1.08634,0.0,0.0,-0.0009,COST,163.2163,0.0,1.5,0.2,0.0,COST
2024-01-26 20:00:00,2024-01-29 16:00:00,SHORT,1.08634,1.0806542988462686,1.0906192758652986,1.0806342988462687,1.6204,WIN_PARTIAL,164.8367,56.9,1.5,0.2,0.0,TP1
2024-01-26 20:00:00,2024-01-31 12:00:00,SHORT,1.08634,1.085789429884627,1.085769429884627,1.0749285976925373,0.1569,BREAKEVEN,164.9937,5.5,1.5,0.2,0.0,SL
2024-02-01 00:00:00,2024-02-01 00:00:00,SHORT,1.0817100000000002,1.0817100000000002,0.0,0.0,-0.0007,COST,164.9929,0.0,1.5,0.2,0.0,COST
2024-02-01 00:00:00,2024-02-01 16:00:00,SHORT,1.0817100000000002,1.086752467400065,1.0867324674000651,1.0683167535998268,-2.4708,LOSS,162.5221,-50.4,1.5,0.2,0.0,SL
2024-02-12 12:00:00,2024-02-12 12:00:00,SHORT,1.0769000000000002,1.0769000000000002,0.0,0.0,-0.0012,COST,162.521,0.0,1.5,0.2,0.0,COST
2024-02-12 12:00:00,2024-02-13 12:00:00,SHORT,1.0769000000000002,1.072744729828688,1.0800314526284842,1.0727247298286882,1.5998,WIN_PARTIAL,164.1207,41.6,1.5,0.2,0.0,TP1
2024-02-12 12:00:00,2024-02-15 12:00:00,SHORT,1.0769000000000002,1.07526908771414,1.076482472982869,1.0685494596573764,0.6279,BREAKEVEN,164.7486,16.3,1.5,0.2,0.0,SL
2024-02-16 16:00:00,2024-02-16 16:00:00,SHORT,1.07461,1.07461,0.0,0.0,-0.0011,COST,164.7475,0.0,1.5,0.2,0.0,COST
2024-02-16 16:00:00,2024-02-16 20:00:00,SHORT,1.07461,1.077955489428377,1.077935489428377,1.0657420281909948,-2.4757,LOSS,162.2719,-33.5,1.5,0.2,0.0,SL
2024-02-20 00:00:00,2024-02-20 00:00:00,LONG,1.0778699999999999,1.0778699999999999,0.0,0.0,-0.0014,COST,162.2705,0.0,1.5,0.2,0.0,COST
2024-02-20 00:00:00,2024-02-20 12:00:00,LONG,1.0778699999999999,1.0812991796002975,1.0752831152997768,1.0813191796002974,1.6117,WIN_PARTIAL,163.8822,34.3,1.5,0.2,0.0,TP1
2024-02-20 00:00:00,2024-02-22 08:00:00,LONG,1.0778699999999999,1.084748359200595,1.0782149179600296,1.084768359200595,3.2328,WIN,167.115,68.8,1.5,0.2,0.0,TP2
2024-03-01 20:00:00,2024-03-01 20:00:00,LONG,1.08377,1.08377,0.0,0.0,-0.001,COST,167.114,0.0,1.5,0.2,0.0,COST
2024-03-01 20:00:00,2024-03-06 16:00:00,LONG,1.08377,1.088695558000967,1.0800608314992748,1.0887155580009669,1.6501,WIN_PARTIAL,168.7641,49.3,1.5,0.2,0.0,TP1
2024-03-01 20:00:00,2024-03-07 16:00:00,LONG,1.08377,1.0874880524987915,1.0842645558000965,1.0936611160019336,1.2455,BREAKEVEN,170.0096,37.2,1.5,0.2,0.0,SL
2024-03-15 20:00:00,2024-03-15 20:00:00,SHORT,1.0883500000000002,1.0883500000000002,0.0,0.0,-0.0015,COST,170.0081,0.0,1.5,0.2,0.0,COST
2024-03-15 20:00:00,2024-03-19 08:00:00,SHORT,1.0883500000000002,1.0850294789206893,1.0908553908094833,1.0850094789206894,1.6769,WIN_PARTIAL,171.685,33.2,1.5,0.2,0.0,TP1
2024-03-15 20:00:00,2024-03-20 20:00:00,SHORT,1.0883500000000002,1.088035947892069,1.088015947892069,1.0816689578413785,0.1586,BREAKEVEN,171.8436,3.1,1.5,0.2,0.0,SL
2024-04-05 12:00:00,2024-04-05 12:00:00,LONG,1.08375,1.08375,0.0,0.0,-0.0012,COST,171.8423,0.0,1.5,0.2,0.0,COST
2024-04-05 12:00:00,2024-04-05 16:00:00,LONG,1.08375,1.0805983837780273,1.0806183837780272,1.0921009765919274,-2.5843,LOSS,169.258,-31.5,1.5,0.2,0.0,SL
2024-04-24 16:00:00,2024-04-24 16:00:00,LONG,1.06869,1.06869,0.0,0.0,-0.0012,COST,169.2568,0.0,1.5,0.2,0.0,COST
2024-04-24 16:00:00,2024-04-25 12:00:00,LONG,1.06869,1.0728662175085648,1.0655428368685764,1.0728862175085647,1.6705,WIN_PARTIAL,170.9273,41.8,1.5,0.2,0.0,TP1
2024-04-24 16:00:00,2024-04-25 16:00:00,LONG,1.06869,1.0690896217508565,1.0691096217508564,1.0770824350171293,0.1598,BREAKEVEN,171.0871,4.0,1.5,0.2,0.0,SL
2024-05-02 20:00:00,2024-05-02 20:00:00,LONG,1.0716899999999998,1.0716899999999998,0.0,0.0,-0.0009,COST,171.0862,0.0,1.5,0.2,0.0,COST
2024-05-02 20:00:00,2024-05-03 12:00:00,LONG,1.0716899999999998,1.077266838982135,1.0674923707633985,1.0772868389821348,1.7009,WIN_PARTIAL,172.7872,55.8,1.5,0.2,0.0,TP1
2024-05-02 20:00:00,2024-05-15 08:00:00,LONG,1.0716899999999998,1.08286367796427,1.0722496838982134,1.0828836779642699,3.408,WIN,176.1951,111.7,1.5,0.2,0.0,TP2
2024-05-23 16:00:00,2024-05-23 16:00:00,LONG,1.0853,1.0853,0.0,0.0,-0.0015,COST,176.1937,0.0,1.5,0.2,0.0,COST
2024-05-23 16:00:00,2024-05-23 20:00:00,LONG,1.0853,1.0825617169033575,1.0825817169033574,1.0925487549243804,-2.6561,LOSS,173.5375,-27.4,1.5,0.2,0.0,SL
2024-05-27 12:00:00,2024-05-27 12:00:00,LONG,1.08496,1.08496,0.0,0.0,-0.0018,COST,173.5357,0.0,1.5,0.2,0.0,COST
2024-05-27 12:00:00,2024-05-28 04:00:00,LONG,1.08496,1.0878001280245344,1.082814903981599,1.0878201280245343,1.7183,WIN_PARTIAL,175.254,28.4,1.5,0.2,0.0,TP1
2024-05-27 12:00:00,2024-05-29 00:00:00,LONG,1.08496,1.0852260128024533,1.0852460128024533,1.0906802560490685,0.1609,BREAKEVEN,175.4149,2.7,1.5,0.2,0.0,SL
2024-06-03 00:00:00,2024-06-03 00:00:00,LONG,1.0850199999999999,1.0850199999999999,0.0,0.0,-0.0011,COST,175.4138,0.0,1.5,0.2,0.0,COST
2024-06-03 00:00:00,2024-06-03 20:00:00,LONG,1.0850199999999999,1.0897653212771863,1.0814460090421103,1.0897853212771862,1.732,WIN_PARTIAL,177.1459,47.5,1.5,0.2,0.0,TP1
2024-06-03 00:00:00,2024-06-05 16:00:00,LONG,1.0850199999999999,1.0854765321277187,1.0854965321277186,1.0945506425543723,0.1666,BREAKEVEN,177.3125,4.6,1.5,0.2,0.0,SL
2024-06-06 20:00:00,2024-06-06 20:00:00,LONG,1.0881999999999998,1.0881999999999998,0.0,0.0,-0.0012,COST,177.3113,0.0,1.5,0.2,0.0,COST
2024-06-06 20:00:00,2024-06-07 12:00:00,LONG,1.0881999999999998,1.0849886745916135,1.0850086745916134,1.0967102010890306,-2.6654,LOSS,174.6459,-32.1,1.5,0.2,0.0,SL
2024-07-02 00:00:00,2024-07-02 00:00:00,LONG,1.0738599999999998,1.0738599999999998,0.0,0.0,-0.001,COST,174.6449,0.0,1.5,0.2,0.0,COST
2024-07-02 00:00:00,2024-07-03 16:00:00,LONG,1.0738599999999998,1.0790121281108673,1.0699809039168493,1.0790321281108672,1.726,WIN_PARTIAL,176.3708,51.5,1.5,0.2,0.0,TP1
2024-07-02 00:00:00,2024-07-05 20:00:00,LONG,1.0738599999999998,1.084184256221735,1.0743772128110867,1.0842042562217349,3.4586,WIN,179.8295,103.2,1.5,0.2,0.0,TP2
2024-07-24 20:00:00,2024-07-24 20:00:00,SHORT,1.08508,1.08508,0.0,0.0,-0.0016,COST,179.8278,0.0,1.5,0.2,0.0,COST
2024-07-24 20:00:00,2024-07-29 12:00:00,SHORT,1.08508,1.0817397138967828,1.0876002145774128,1.081719713896783,1.7871,WIN_PARTIAL,181.6149,33.4,1.5,0.2,0.0,TP1
2024-07-24 20:00:00,2024-07-31 12:00:00,SHORT,1.08508,1.0844003576290213,1.0847439713896783,1.0783594277935658,0.3636,BREAKEVEN,181.9785,6.8,1.5,0.2,0.0,SL
2024-09-06 00:00:00,2024-09-06 00:00:00,LONG,1.11092,1.11092,0.0,0.0,-0.0013,COST,181.9773,0.0,1.5,0.2,0.0,COST
2024-09-06 00:00:00,2024-09-06 12:00:00,LONG,1.11092,1.1151952762955704,1.1076985427783221,1.1152152762955703,1.7956,WIN_PARTIAL,183.7729,42.8,1.5,0.2,0.0,TP1
2024-09-06 00:00:00,2024-09-06 16:00:00,LONG,1.11092,1.111329527629557,1.1113495276295569,1.1195105525911406,0.172,BREAKEVEN,183.9449,4.1,1.5,0.2,0.0,SL
2024-09-24 12:00:00,2024-09-24 12:00:00,LONG,1.1139999999999999,1.1139999999999999,0.0,0.0,-0.001,COST,183.9439,0.0,1.5,0.2,0.0,COST
2024-09-24 12:00:00,2024-09-25 04:00:00,LONG,1.1139999999999999,1.1194978816478525,1.1098615887641106,1.1195178816478524,1.8143,WIN_PARTIAL,185.7582,55.0,1.5,0.2,0.0,TP1
2024-09-24 12:00:00,2024-09-25 16:00:00,LONG,1.1139999999999999,1.1145317881647852,1.114551788164785,1.125035763295705,0.1755,BREAKEVEN,185.9337,5.3,1.5,0.2,0.0,SL
2024-09-26 16:00:00,2024-09-26 16:00:00,LONG,1.1151399999999998,1.1151399999999998,0.0,0.0,-0.001,COST,185.9326,0.0,1.5,0.2,0.0,COST
2024-09-26 16:00:00,2024-09-30 08:00:00,LONG,1.1151399999999998,1.1204419480610077,1.111148538954244,1.1204619480610076,1.8292,WIN_PARTIAL,187.7618,53.0,1.5,0.2,0.0,TP1
2024-09-26 16:00:00,2024-09-30 16:00:00,LONG,1.1151399999999998,1.1156521948061007,1.1156721948061006,1.1257838961220157,0.1767,BREAKEVEN,187.9385,5.1,1.5,0.2,0.0,SL
2024-10-31 20:00:00,2024-10-31 20:00:00,LONG,1.0861699999999999,1.0861699999999999,0.0,0.0,-0.0012,COST,187.9373,0.0,1.5,0.2,0.0,COST
2024-10-31 20:00:00,2024-11-04 12:00:00,LONG,1.0861699999999999,1.090770961913553,1.0827042785648349,1.090790961913553,1.8634,WIN_PARTIAL,189.8007,46.0,1.5,0.2,0.0,TP1
2024-10-31 20:00:00,2024-11-06 00:00:00,LONG,1.0861699999999999,1.0872137976080587,1.0866320961913551,1.0954119238271063,0.4227,BREAKEVEN,190.2234,10.4,1.5,0.2,0.0,SL
2024-11-08 12:00:00,2024-11-08 12:00:00,SHORT,1.07787,1.07787,0.0,0.0,-0.0008,COST,190.2226,0.0,1.5,0.2,0.0,COST
2024-11-08 12:00:00,2024-11-08 16:00:00,SHORT,1.07787,1.0706979865589688,1.0832640100807736,1.0706779865589688,1.8647,WIN_PARTIAL,192.0874,71.7,1.5,0.2,0.0,TP1
2024-11-08 12:00:00,2024-11-11 16:00:00,SHORT,1.07787,1.0635059731179377,1.077150798655897,1.0634859731179378,3.7346,WIN,195.822,143.6,1.5,0.2,0.0,TP2
2024-11-29 16:00:00,2024-11-29 16:00:00,LONG,1.0563,1.0563,0.0,0.0,-0.001,COST,195.821,0.0,1.5,0.2,0.0,COST
2024-11-29 16:00:00,2024-12-02 04:00:00,LONG,1.0563,1.0518463637825508,1.0518663637825507,1.0681230299131983,-2.9394,LOSS,192.8816,-44.5,1.5,0.2,0.0,SL
2024-12-04 00:00:00,2024-12-04 00:00:00,SHORT,1.0505,1.0505,0.0,0.0,-0.0009,COST,192.8807,0.0,1.5,0.2,0.0,COST
2024-12-04 00:00:00,2024-12-05 12:00:00,SHORT,1.0505,1.055295744922908,1.055275744922908,1.0377646802055787,-2.8774,LOSS,190.0033,-48.0,1.5,0.2,0.0,SL
2024-12-09 00:00:00,2024-12-09 00:00:00,LONG,1.0555899999999998,1.0555899999999998,0.0,0.0,-0.0008,COST,190.0025,0.0,1.5,0.2,0.0,COST
2024-12-09 00:00:00,2024-12-10 16:00:00,LONG,1.0555899999999998,1.050260613016637,1.0502806130166369,1.0697483652889677,-2.8246,LOSS,187.1779,-53.3,1.5,0.2,0.0,SL
2024-12-17 12:00:00,2024-12-17 12:00:00,SHORT,1.0487000000000002,1.0487000000000002,0.0,0.0,-0.001,COST,187.1769,0.0,1.5,0.2,0.0,COST
2024-12-17 12:00:00,2024-12-18 20:00:00,SHORT,1.0487000000000002,1.0432052674017402,1.0528360494486952,1.0431852674017403,1.8407,WIN_PARTIAL,189.0176,54.9,1.5,0.2,0.0,TP1
2024-12-17 12:00:00,2024-12-19 00:00:00,SHORT,1.0487000000000002,1.0376905348034802,1.0481485267401742,1.0376705348034803,3.6882,WIN,192.7058,110.1,1.5,0.2,0.0,TP2
2024-12-31 16:00:00,2024-12-31 16:00:00,SHORT,1.03929,1.03929,0.0,0.0,-0.0012,COST,192.7047,0.0,1.5,0.2,0.0,COST
2024-12-31 16:00:00,2025-01-02 12:00:00,SHORT,1.03929,1.0343658812946692,1.042998089028998,1.0343458812946693,1.8958,WIN_PARTIAL,194.6004,49.2,1.5,0.2,0.0,TP1
2024-12-31 16:00:00,2025-01-02 16:00:00,SHORT,1.03929,1.0294217625893387,1.038795588129467,1.0294017625893388,3.7993,WIN,198.3997,98.7,1.5,0.2,0.0,TP2
2025-01-16 16:00:00,2025-01-16 16:00:00,SHORT,1.0280500000000001,1.0280500000000001,0.0,0.0,-0.001,COST,198.3988,0.0,1.5,0.2,0.0,COST
2025-01-16 16:00:00,2025-01-17 16:00:00,SHORT,1.0280500000000001,1.032709086777927,1.032689086777927,1.0156791019255285,-2.9818,LOSS,195.4169,-46.6,1.5,0.2,0.0,SL
2025-02-06 20:00:00,2025-02-06 20:00:00,LONG,1.0379099999999999,1.0379099999999999,0.0,0.0,-0.001,COST,195.4159,0.0,1.5,0.2,0.0,COST
2025-02-06 20:00:00,2025-02-07 16:00:00,LONG,1.0379099999999999,1.0336191822614471,1.033639182261447,1.0492988473028075,-2.9178,LOSS,192.4982,-42.9,1.5,0.2,0.0,SL
2025-02-12 16:00:00,2025-02-12 16:00:00,SHORT,1.0332000000000001,1.0332000000000001,0.0,0.0,-0.001,COST,192.4972,0.0,1.5,0.2,0.0,COST
2025-02-12 16:00:00,2025-02-12 20:00:00,SHORT,1.0332000000000001,1.0375284076175304,1.0375084076175305,1.0217109130199191,-2.9,LOSS,189.5971,-43.3,1.5,0.2,0.0,SL
2025-02-26 20:00:00,2025-02-26 20:00:00,LONG,1.0492199999999998,1.0492199999999998,0.0,0.0,-0.001,COST,189.5961,0.0,1.5,0.2,0.0,COST
2025-02-26 20:00:00,2025-02-27 12:00:00,LONG,1.0492199999999998,1.0448488954946047,1.0448688954946046,1.0608229453477203,-2.8412,LOSS,186.7549,-43.7,1.5,0.2,0.0,SL
2025-03-24 00:00:00,2025-03-24 00:00:00,SHORT,1.08182,1.08182,0.0,0.0,-0.0009,COST,186.754,0.0,1.5,0.2,0.0,COST
2025-03-24 00:00:00,2025-03-26 16:00:00,SHORT,1.08182,1.0759137673710892,1.086264674471683,1.0758937673710893,1.8605,WIN_PARTIAL,188.6144,59.1,1.5,0.2,0.0,TP1
2025-03-24 00:00:00,2025-03-27 16:00:00,SHORT,1.08182,1.0811277907861383,1.081227376737109,1.0699675347421786,0.218,BREAKEVEN,188.8325,6.9,1.5,0.2,0.0,SL
2025-04-02 00:00:00,2025-04-02 00:00:00,SHORT,1.07861,1.07861,0.0,0.0,-0.001,COST,188.8315,0.0,1.5,0.2,0.0,COST
2025-04-02 00:00:00,2025-04-02 16:00:00,SHORT,1.07861,1.0827635692480126,1.0827435692480127,1.0675871486719661,-2.8244,LOSS,186.007,-41.5,1.5,0.2,0.0,SL
2025-04-07 12:00:00,2025-04-07 12:00:00,LONG,1.0991799999999998,1.0991799999999998,0.0,0.0,-0.0003,COST,186.0067,0.0,1.5,0.2,0.0,COST
2025-04-07 12:00:00,2025-04-10 16:00:00,LONG,1.0991799999999998,1.1151967683341448,1.0871524237493913,1.1152167683341447,1.8419,WIN_PARTIAL,187.8486,160.2,1.5,0.2,0.0,TP1
2025-04-07 12:00:00,2025-04-11 00:00:00,LONG,1.0991799999999998,1.1312335366682895,1.1007836768334143,1.1312535366682894,3.6862,WIN,191.5348,320.5,1.5,0.2,0.0,TP2
2025-04-28 20:00:00,2025-04-28 20:00:00,LONG,1.14112,1.14112,0.0,0.0,-0.0006,COST,191.5342,0.0,1.5,0.2,0.0,COST
2025-04-28 20:00:00,2025-04-30 16:00:00,LONG,1.14112,1.1343030063030586,1.1343230063030585,1.159245316525177,-2.8631,LOSS,188.671,-68.2,1.5,0.2,0.0,SL
2025-05-01 16:00:00,2025-05-01 16:00:00,SHORT,1.1314300000000002,1.1314300000000002,0.0,0.0,-0.0008,COST,188.6702,0.0,1.5,0.2,0.0,COST
2025-05-01 16:00:00,2025-05-02 16:00:00,SHORT,1.1314300000000002,1.136692544748031,1.136672544748031,1.1174498806719182,-2.7891,LOSS,185.8811,-52.6,1.5,0.2,0.0,SL
2025-05-05 20:00:00,2025-05-05 20:00:00,SHORT,1.13016,1.13016,0.0,0.0,-0.0007,COST,185.8804,0.0,1.5,0.2,0.0,COST
2025-05-05 20:00:00,2025-05-06 16:00:00,SHORT,1.13016,1.1362636073355168,1.1362436073355169,1.1139370471052885,-2.7466,LOSS,183.1338,-61.0,1.5,0.2,0.0,SL
2025-05-07 16:00:00,2025-05-07 16:00:00,LONG,1.13587,1.13587,0.0,0.0,-0.0008,COST,183.133,0.0,1.5,0.2,0.0,COST
2025-05-07 16:00:00,2025-05-07 20:00:00,LONG,1.13587,1.1304253025601856,1.1304453025601855,1.1503358598395053,-2.7223,LOSS,180.4107,-54.4,1.5,0.2,0.0,SL
2025-05-08 12:00:00,2025-05-08 12:00:00,SHORT,1.1287200000000002,1.1287200000000002,0.0,0.0,-0.0007,COST,180.41,0.0,1.5,0.2,0.0,COST
2025-05-08 12:00:00,2025-05-09 04:00:00,SHORT,1.1287200000000002,1.1209331272313485,1.1345751545764888,1.1209131272313486,1.791,WIN_PARTIAL,182.201,77.9,1.5,0.2,0.0,TP1
2025-05-08 12:00:00,2025-05-09 16:00:00,SHORT,1.1287200000000002,1.1279593127231349,1.127939312723135,1.113106254462697,0.175,BREAKEVEN,182.3759,7.6,1.5,0.2,0.0,SL
2025-05-20 20:00:00,2025-05-20 20:00:00,LONG,1.12563,1.12563,0.0,0.0,-0.0007,COST,182.3752,0.0,1.5,0.2,0.0,COST
2025-05-20 20:00:00,2025-05-21 04:00:00,LONG,1.12563,1.1329135400499368,1.1201523449625475,1.1329335400499367,1.7845,WIN_PARTIAL,184.1597,72.8,1.5,0.2,0.0,TP1
2025-05-20 20:00:00,2025-05-22 20:00:00,LONG,1.12563,1.1263403540049937,1.1263603540049936,1.1402370800998733,0.174,BREAKEVEN,184.3337,7.1,1.5,0.2,0.0,SL
2025-06-23 20:00:00,2025-06-23 20:00:00,LONG,1.1544599999999998,1.1544599999999998,0.0,0.0,-0.0006,COST,184.3331,0.0,1.5,0.2,0.0,COST
2025-06-23 20:00:00,2025-06-24 16:00:00,LONG,1.1544599999999998,1.163163762773839,1.1479171779196204,1.1631837627738388,1.8278,WIN_PARTIAL,186.1609,87.0,1.5,0.2,0.0,TP1
2025-06-23 20:00:00,2025-06-26 08:00:00,LONG,1.1544599999999998,1.171887525547678,1.1553323762773837,1.1719075255476779,3.6598,WIN,189.8206,174.3,1.5,0.2,0.0,TP2
2025-07-14 00:00:00,2025-07-14 00:00:00,SHORT,1.16588,1.16588,0.0,0.0,-0.001,COST,189.8196,0.0,1.5,0.2,0.0,COST
2025-07-14 00:00:00,2025-07-15 16:00:00,SHORT,1.16588,1.1604613994169013,1.169958950437324,1.1604413994169014,1.8694,WIN_PARTIAL,191.689,54.2,1.5,0.2,0.0,TP1
2025-07-14 00:00:00,2025-07-16 16:00:00,SHORT,1.16588,1.16535613994169,1.1653361399416902,1.1550027988338025,0.1807,BREAKEVEN,191.8698,5.2,1.5,0.2,0.0,SL
2025-08-05 12:00:00,2025-08-05 12:00:00,SHORT,1.15371,1.15371,0.0,0.0,-0.0008,COST,191.869,0.0,1.5,0.2,0.0,COST
2025-08-05 12:00:00,2025-08-06 12:00:00,SHORT,1.15371,1.159088455473346,1.1590684554733461,1.13942078540441,-2.8506,LOSS,189.0184,-53.8,1.5,0.2,0.0,SL
2025-08-12 16:00:00,2025-08-12 16:00:00,LONG,1.16417,1.16417,0.0,0.0,-0.001,COST,189.0174,0.0,1.5,0.2,0.0,COST
2025-08-12 16:00:00,2025-08-13 08:00:00,LONG,1.16417,1.1700436036453323,1.1597497972660007,1.1700636036453322,1.8796,WIN_PARTIAL,190.897,58.7,1.5,0.2,0.0,TP1
2025-08-12 16:00:00,2025-08-14 16:00:00,LONG,1.16417,1.1647393603645333,1.1647593603645332,1.1759572072906646,0.1822,BREAKEVEN,191.0792,5.7,1.5,0.2,0.0,SL
2025-08-19 12:00:00,2025-08-19 12:00:00,LONG,1.16749,1.16749,0.0,0.0,-0.0012,COST,191.078,0.0,1.5,0.2,0.0,COST
2025-08-19 12:00:00,2025-08-20 00:00:00,LONG,1.16749,1.1638526149821282,1.1638726149821281,1.177136360047658,-2.8735,LOSS,188.2044,-36.4,1.5,0.2,0.0,SL
2025-08-21 16:00:00,2025-08-21 16:00:00,SHORT,1.1646,1.1646,0.0,0.0,-0.0012,COST,188.2033,0.0,1.5,0.2,0.0,COST
2025-08-21 16:00:00,2025-08-22 04:00:00,SHORT,1.1646,1.1598624321444142,1.1681681758916893,1.1598424321444143,1.8713,WIN_PARTIAL,190.0746,47.4,1.5,0.2,0.0,TP1
2025-08-21 16:00:00,2025-08-22 16:00:00,SHORT,1.1646,1.1641442432144413,1.1641242432144414,1.1550848642888287,0.18,BREAKEVEN,190.2546,4.6,1.5,0.2,0.0,SL
2025-08-27 00:00:00,2025-08-27 00:00:00,SHORT,1.1640000000000001,1.1640000000000001,0.0,0.0,-0.0008,COST,190.2538,0.0,1.5,0.2,0.0,COST
2025-08-27 00:00:00,2025-08-28 20:00:00,SHORT,1.1640000000000001,1.1692052066460317,1.1691852066460318,1.1501727822772492,-2.8629,LOSS,187.3909,-52.1,1.5,0.2,0.0,SL
2025-08-29 12:00:00,2025-08-29 12:00:00,LONG,1.1675399999999998,1.1675399999999998,0.0,0.0,-0.0011,COST,187.3899,0.0,1.5,0.2,0.0,COST
2025-08-29 12:00:00,2025-09-01 08:00:00,LONG,1.1675399999999998,1.1727244070456915,1.163636694715731,1.1727444070456914,1.8664,WIN_PARTIAL,189.2562,51.8,1.5,0.2,0.0,TP1
2025-08-29 12:00:00,2025-09-02 08:00:00,LONG,1.1675399999999998,1.168040440704569,1.168060440704569,1.177948814091383,0.1802,BREAKEVEN,189.4364,5.0,1.5,0.2,0.0,SL
2025-09-04 16:00:00,2025-09-04 16:00:00,SHORT,1.1645800000000002,1.1645800000000002,0.0,0.0,-0.0011,COST,189.4353,0.0,1.5,0.2,0.0,COST
2025-09-04 16:00:00,2025-09-05 12:00:00,SHORT,1.1645800000000002,1.1684945589097393,1.1684745589097394,1.1541945095740291,-2.8185,LOSS,186.6168,-39.1,1.5,0.2,0.0,SL
2025-09-15 00:00:00,2025-09-15 00:00:00,LONG,1.17271,1.17271,0.0,0.0,-0.0011,COST,186.6157,0.0,1.5,0.2,0.0,COST
2025-09-15 00:00:00,2025-09-16 04:00:00,LONG,1.17271,1.1776526703851988,1.1689879972111008,1.1776726703851987,1.8535,WIN_PARTIAL,188.4692,49.4,1.5,0.2,0.0,TP1
2025-09-15 00:00:00,2025-09-16 16:00:00,LONG,1.17271,1.1826153407703976,1.1732062670385197,1.1826353407703976,3.7145,WIN,192.1837,99.1,1.5,0.2,0.0,TP2
2025-09-22 20:00:00,2025-09-22 20:00:00,LONG,1.17881,1.17881,0.0,0.0,-0.001,COST,192.1827,0.0,1.5,0.2,0.0,COST
2025-09-22 20:00:00,2025-09-24 12:00:00,LONG,1.17881,1.1745072760726558,1.1745272760726557,1.1902305971395846,-2.8828,LOSS,189.2999,-43.0,1.5,0.2,0.0,SL
2025-09-25 12:00:00,2025-09-25 12:00:00,SHORT,1.17426,1.17426,0.0,0.0,-0.0014,COST,189.2985,0.0,1.5,0.2,0.0,COST
2025-09-25 12:00:00,2025-09-25 16:00:00,SHORT,1.17426,1.170155378057825,1.1773534664566314,1.1701353780578252,1.8676,WIN_PARTIAL,191.1661,41.0,1.5,0.2,0.0,TP1
2025-09-25 12:00:00,2025-09-25 20:00:00,SHORT,1.17426,1.16603075611565,1.1738475378057827,1.16601075611565,3.7443,WIN,194.9104,82.3,1.5,0.2,0.0,TP2
2025-10-02 20:00:00,2025-10-02 20:00:00,SHORT,1.1714200000000001,1.1714200000000001,0.0,0.0,-0.0009,COST,194.9095,0.0,1.5,0.2,0.0,COST
2025-10-02 20:00:00,2025-10-07 20:00:00,SHORT,1.1714200000000001,1.1650971082046178,1.1761771688465368,1.1650771082046179,1.9285,WIN_PARTIAL,196.838,63.2,1.5,0.2,0.0,TP1
2025-10-02 20:00:00,2025-10-09 16:00:00,SHORT,1.1714200000000001,1.1587542164092355,1.1707857108204618,1.1587342164092356,3.8631,WIN,200.7011,126.7,1.5,0.2,0.0,TP2
2025-10-23 00:00:00,2025-10-23 00:00:00,SHORT,1.16077,1.16077,0.0,0.0,-0.0014,COST,200.6997,0.0,1.5,0.2,0.0,COST
2025-10-23 00:00:00,2025-10-24 12:00:00,SHORT,1.16077,1.1641348171924526,1.1641148171924527,1.1518504874867932,-3.0283,LOSS,197.6714,-33.6,1.5,0.2,0.0,SL
2025-10-28 20:00:00,2025-10-28 20:00:00,LONG,1.1663,1.1663,0.0,0.0,-0.0013,COST,197.6701,0.0,1.5,0.2,0.0,COST
2025-10-28 20:00:00,2025-10-29 04:00:00,LONG,1.1663,1.1627773445965146,1.1627973445965145,1.1756404144092945,-2.959,LOSS,194.7111,-35.2,1.5,0.2,0.0,SL
2025-10-30 12:00:00,2025-10-30 12:00:00,SHORT,1.16168,1.16168,0.0,0.0,-0.001,COST,194.7101,0.0,1.5,0.2,0.0,COST
2025-10-30 12:00:00,2025-10-30 16:00:00,SHORT,1.16168,1.1560288240356125,1.1659333819732907,1.1560088240356126,1.9214,WIN_PARTIAL,196.6315,56.5,1.5,0.2,0.0,TP1
2025-10-30 12:00:00,2025-11-04 00:00:00,SHORT,1.16168,1.1503576480712252,1.1611128824035613,1.1503376480712253,3.8496,WIN,200.4811,113.2,1.5,0.2,0.0,TP2
2025-11-11 12:00:00,2025-11-11 12:00:00,LONG,1.1564699999999999,1.1564699999999999,0.0,0.0,-0.0015,COST,200.4795,0.0,1.5,0.2,0.0,COST
2025-11-11 12:00:00,2025-11-11 16:00:00,LONG,1.1564699999999999,1.1603824226020722,1.1535206830484457,1.1604024226020722,1.9758,WIN_PARTIAL,202.4553,39.1,1.5,0.2,0.0,TP1
2025-11-11 12:00:00,2025-11-12 08:00:00,LONG,1.1564699999999999,1.1568432422602073,1.1568632422602072,1.1643348452041444,0.1885,BREAKEVEN,202.6438,3.7,1.5,0.2,0.0,SL
2025-11-12 16:00:00,2025-11-12 16:00:00,LONG,1.1572399999999998,1.1572399999999998,0.0,0.0,-0.0016,COST,202.6422,0.0,1.5,0.2,0.0,COST
2025-11-12 16:00:00,2025-11-13 08:00:00,LONG,1.1572399999999998,1.1609522084537494,1.1544408436596878,1.1609722084537493,2.0046,WIN_PARTIAL,204.6468,37.1,1.5,0.2,0.0,TP1
2025-11-12 16:00:00,2025-11-13 16:00:00,LONG,1.1572399999999998,1.1646844169074986,1.1576132208453747,1.1647044169074985,4.02,WIN,208.6668,74.4,1.5,0.2,0.0,TP2
2025-11-17 12:00:00,2025-11-17 12:00:00,LONG,1.16017,1.16017,0.0,0.0,-0.0014,COST,208.6654,0.0,1.5,0.2,0.0,COST
2025-11-17 12:00:00,2025-11-19 08:00:00,LONG,1.16017,1.1567683513856704,1.1567883513856703,1.1691877296382125,-3.1295,LOSS,205.5359,-34.0,1.5,0.2,0.0,SL
2025-11-19 16:00:00,2025-11-19 16:00:00,SHORT,1.15723,1.15723,0.0,0.0,-0.0014,COST,205.5344,0.0,1.5,0.2,0.0,COST
2025-11-19 16:00:00,2025-11-19 20:00:00,SHORT,1.15723,1.1530058007950188,1.1604131494037357,1.152985800795019,2.0276,WIN_PARTIAL,207.562,42.2,1.5,0.2,0.0,TP1
2025-11-19 16:00:00,2025-11-25 12:00:00,SHORT,1.15723,1.1559952490062264,1.1568055800795018,1.1487416015900378,0.5927,BREAKEVEN,208.1547,12.3,1.5,0.2,0.0,SL
2025-11-26 20:00:00,2025-11-26 20:00:00,LONG,1.1593399999999998,1.1593399999999998,0.0,0.0,-0.001,COST,208.1537,0.0,1.5,0.2,0.0,COST
2025-11-26 20:00:00,2025-12-03 08:00:00,LONG,1.1593399999999998,1.1652411861752623,1.154899110368553,1.1652611861752622,2.0654,WIN_PARTIAL,210.2191,59.0,1.5,0.2,0.0,TP1
2025-11-26 20:00:00,2025-12-11 12:00:00,LONG,1.1593399999999998,1.1711623723505247,1.159932118617526,1.1711823723505246,4.1378,WIN,214.3569,118.2,1.5,0.2,0.0,TP2
2025-12-22 12:00:00,2025-12-22 12:00:00,LONG,1.17302,1.17302,0.0,0.0,-0.0016,COST,214.3553,0.0,1.5,0.2,0.0,COST
2025-12-22 12:00:00,2025-12-23 00:00:00,LONG,1.17302,1.1770063999865423,1.1700152000100932,1.1770263999865422,2.1327,WIN_PARTIAL,216.488,39.9,1.5,0.2,0.0,TP1
2025-12-22 12:00:00,2025-12-29 04:00:00,LONG,1.17302,1.1754720000168222,1.1734206399986542,1.1810327999730847,1.3118,BREAKEVEN,217.7999,24.5,1.5,0.2,0.0,SL
2025-12-29 12:00:00,2025-12-29 12:00:00,LONG,1.1776399999999998,1.1776399999999998,0.0,0.0,-0.0014,COST,217.7985,0.0,1.5,0.2,0.0,COST
2025-12-29 12:00:00,2025-12-31 04:00:00,LONG,1.1776399999999998,1.1740293000226998,1.1740493000226997,1.187215199939467,-3.2496,LOSS,214.5489,-36.1,1.5,0.2,0.0,SL
2025-12-31 20:00:00,2025-12-31 20:00:00,SHORT,1.1735600000000002,1.1735600000000002,0.0,0.0,-0.0015,COST,214.5473,0.0,1.5,0.2,0.0,COST
2025-12-31 20:00:00,2026-01-05 04:00:00,SHORT,1.1735600000000002,1.1694228592914444,1.1766778555314168,1.1694028592914445,2.1306,WIN_PARTIAL,216.678,41.4,1.5,0.2,0.0,TP1
2025-12-31 20:00:00,2026-01-05 20:00:00,SHORT,1.1735600000000002,1.1726464258856943,1.1731442859291445,1.1652457185828888,0.4705,BREAKEVEN,217.1485,9.1,1.5,0.2,0.0,SL
2026-01-06 12:00:00,2026-01-06 12:00:00,SHORT,1.1713,1.1713,0.0,0.0,-0.0013,COST,217.1471,0.0,1.5,0.2,0.0,COST
2026-01-06 12:00:00,2026-01-08 12:00:00,SHORT,1.1713,1.1664125834557002,1.1749805624082248,1.1663925834557003,2.1505,WIN_PARTIAL,219.2976,48.9,1.5,0.2,0.0,TP1
2026-01-06 12:00:00,2026-01-12 08:00:00,SHORT,1.1713,1.1693042706803745,1.17080925834557,1.1614851669114006,0.8781,BREAKEVEN,220.1757,20.0,1.5,0.2,0.0,SL
2026-01-22 12:00:00,2026-01-22 12:00:00,LONG,1.16926,1.16926,0.0,0.0,-0.0013,COST,220.1744,0.0,1.5,0.2,0.0,COST
2026-01-22 12:00:00,2026-01-22 16:00:00,LONG,1.16926,1.1743087155528322,1.1654584633353757,1.1743287155528321,2.1709,WIN_PARTIAL,222.3454,50.5,1.5,0.2,0.0,TP1
2026-01-22 12:00:00,2026-01-23 16:00:00,LONG,1.16926,1.1793774311056644,1.1697668715552831,1.1793974311056643,4.3505,WIN,226.6959,101.2,1.5,0.2,0.0,TP2
2026-02-04 12:00:00,2026-02-04 12:00:00,SHORT,1.1813600000000002,1.1813600000000002,0.0,0.0,-0.0011,COST,226.6947,0.0,1.5,0.2,0.0,COST
2026-02-04 12:00:00,2026-02-09 08:00:00,SHORT,1.1813600000000002,1.1858286040495523,1.1858086040495524,1.1694970558678612,-3.3961,LOSS,223.2986,-44.7,1.5,0.2,0.0,SL
2026-02-18 12:00:00,2026-02-18 12:00:00,SHORT,1.18358,1.18358,0.0,0.0,-0.0018,COST,223.2968,0.0,1.5,0.2,0.0,COST
2026-02-18 12:00:00,2026-02-18 20:00:00,SHORT,1.18358,1.1797958537834272,1.1864331096624297,1.1797758537834273,2.2137,WIN_PARTIAL,225.5106,37.8,1.5,0.2,0.0,TP1
2026-02-18 12:00:00,2026-02-19 12:00:00,SHORT,1.18358,1.1759917075668542,1.1831995853783428,1.1759717075668543,4.4392,WIN,229.9497,75.9,1.5,0.2,0.0,TP2
2026-02-23 16:00:00,2026-02-23 16:00:00,SHORT,1.1795600000000002,1.1795600000000002,0.0,0.0,-0.0012,COST,229.9485,0.0,1.5,0.2,0.0,COST
2026-02-23 16:00:00,2026-03-02 08:00:00,SHORT,1.1795600000000002,1.1738982726998657,1.1838212954751008,1.1738782726998658,2.2647,WIN_PARTIAL,232.2132,56.6,1.5,0.2,0.0,TP1
2026-02-23 16:00:00,2026-03-02 16:00:00,SHORT,1.1795600000000002,1.1682165453997315,1.1789918272699866,1.1681965453997316,4.5374,WIN,236.7506,113.4,1.5,0.2,0.0,TP2
2026-03-18 16:00:00,2026-03-18 16:00:00,SHORT,1.15147,1.15147,0.0,0.0,-0.001,COST,236.7496,0.0,1.5,0.2,0.0,COST
2026-03-18 16:00:00,2026-03-19 08:00:00,SHORT,1.15147,1.1447052719577082,1.1565585460317187,1.1446852719577083,2.3338,WIN_PARTIAL,239.0834,67.6,1.5,0.2,0.0,TP1
2026-03-18 16:00:00,2026-03-19 12:00:00,SHORT,1.15147,1.1508115271957708,1.150791527195771,1.1379005439154168,0.2272,BREAKEVEN,239.3106,6.6,1.5,0.2,0.0,SL
2026-03-23 12:00:00,2026-03-23 12:00:00,SHORT,1.1494600000000001,1.1494600000000001,0.0,0.0,-0.0009,COST,239.3097,0.0,1.5,0.2,0.0,COST
2026-03-23 12:00:00,2026-03-23 16:00:00,SHORT,1.1494600000000001,1.1553769004443042,1.1553569004443043,1.1337349321485222,-3.5501,LOSS,235.7595,-59.2,1.5,0.2,0.0,SL
2026-03-23 20:00:00,2026-03-23 20:00:00,LONG,1.1601599999999999,1.1601599999999999,0.0,0.0,-0.0006,COST,235.7589,0.0,1.5,0.2,0.0,COST
2026-03-23 20:00:00,2026-03-26 20:00:00,LONG,1.1601599999999999,1.152067572555167,1.152087572555167,1.181686473186221,-3.4797,LOSS,232.2791,-80.9,1.5,0.2,0.0,SL
2026-03-27 12:00:00,2026-03-27 12:00:00,SHORT,1.15189,1.15189,0.0,0.0,-0.0012,COST,232.2779,0.0,1.5,0.2,0.0,COST
2026-03-27 12:00:00,2026-03-30 16:00:00,SHORT,1.15189,1.1461465452212527,1.1562125910840606,1.1461265452212528,2.2974,WIN_PARTIAL,234.5753,57.4,1.5,0.2,0.0,TP1
2026-03-27 12:00:00,2026-03-31 16:00:00,SHORT,1.15189,1.1513336545221253,1.1513136545221254,1.1403630904425053,0.2225,BREAKEVEN,234.7978,5.6,1.5,0.2,0.0,SL
2026-04-03 20:00:00,2026-04-03 20:00:00,SHORT,1.1518700000000002,1.1518700000000002,0.0,0.0,-0.0012,COST,234.7966,0.0,1.5,0.2,0.0,COST
2026-04-03 20:00:00,2026-04-06 08:00:00,SHORT,1.1518700000000002,1.1561924186172816,1.1561724186172817,1.1403968836872496,-3.5012,LOSS,231.2955,-43.2,1.5,0.2,0.0,SL
2026-04-07 20:00:00,2026-04-07 20:00:00,LONG,1.15716,1.15716,0.0,0.0,-0.0012,COST,231.2942,0.0,1.5,0.2,0.0,COST
2026-04-07 20:00:00,2026-04-08 00:00:00,LONG,1.15716,1.1626990867334805,1.1529906849498897,1.1627190867334805,2.2987,WIN_PARTIAL,233.593,55.4,1.5,0.2,0.0,TP1
2026-04-07 20:00:00,2026-04-08 04:00:00,LONG,1.15716,1.168258173466961,1.157715908673348,1.168278173466961,4.6057,WIN,238.1987,111.0,1.5,0.2,0.0,TP2
2026-04-20 12:00:00,2026-04-20 12:00:00,LONG,1.17608,1.17608,0.0,0.0,-0.0013,COST,238.1974,0.0,1.5,0.2,0.0,COST
2026-04-20 12:00:00,2026-04-21 20:00:00,LONG,1.17608,1.171954230387212,1.1719742303872118,1.1870287189674353,-3.5894,LOSS,234.608,-41.3,1.5,0.2,0.0,SL
2026-04-28 00:00:00,2026-04-28 00:00:00,SHORT,1.17202,1.17202,0.0,0.0,-0.0015,COST,234.6064,0.0,1.5,0.2,0.0,COST
2026-04-28 00:00:00,2026-04-29 20:00:00,SHORT,1.17202,1.1674971845674933,1.1754271115743802,1.1674771845674934,2.3292,WIN_PARTIAL,236.9357,45.2,1.5,0.2,0.0,TP1
2026-04-28 00:00:00,2026-04-30 12:00:00,SHORT,1.17202,1.1715857184567493,1.1715657184567494,1.1629343691349865,0.2237,BREAKEVEN,237.1593,4.3,1.5,0.2,0.0,SL
2026-05-07 00:00:00,2026-05-07 00:00:00,LONG,1.17461,1.17461,0.0,0.0,-0.0013,COST,237.158,0.0,1.5,0.2,0.0,COST
2026-05-07 00:00:00,2026-05-13 08:00:00,LONG,1.17461,1.170588622558462,1.170608622558462,1.185280339844101,-3.5388,LOSS,233.6192,-40.2,1.5,0.2,0.0,SL
2026-05-14 12:00:00,2026-05-14 12:00:00,SHORT,1.1710800000000001,1.1710800000000001,0.0,0.0,-0.002,COST,233.6172,0.0,1.5,0.2,0.0,COST
2026-05-14 12:00:00,2026-05-14 16:00:00,SHORT,1.1710800000000001,1.167557534831433,1.1737368488764253,1.1675375348314332,2.3072,WIN_PARTIAL,235.9244,35.2,1.5,0.2,0.0,TP1
2026-05-14 12:00:00,2026-05-15 08:00:00,SHORT,1.1710800000000001,1.1640150696628662,1.1707257534831434,1.1639950696628663,4.6275,WIN,240.552,70.6,1.5,0.2,0.0,TP2
2026-05-26 16:00:00,2026-05-26 16:00:00,SHORT,1.16317,1.16317,0.0,0.0,-0.0022,COST,240.5497,0.0,1.5,0.2,0.0,COST
2026-05-26 16:00:00,2026-05-27 12:00:00,SHORT,1.16317,1.1656090951570521,1.1655890951570522,1.1567190795811944,-3.6343,LOSS,236.9155,-24.4,1.5,0.2,0.0,SL
2026-05-29 12:00:00,2026-05-29 12:00:00,SHORT,1.1628,1.1628,0.0,0.0,-0.0016,COST,236.9139,0.0,1.5,0.2,0.0,COST
2026-05-29 12:00:00,2026-05-29 16:00:00,SHORT,1.1628,1.166113193182244,1.166093193182244,1.1540181515140158,-3.5451,LOSS,233.3688,-33.1,1.5,0.2,0.0,SL
2026-06-01 12:00:00,2026-06-01 12:00:00,LONG,1.16581,1.16581,0.0,0.0,-0.0017,COST,233.367,0.0,1.5,0.2,0.0,COST
2026-06-01 12:00:00,2026-06-01 16:00:00,LONG,1.16581,1.1627658999694228,1.1627858999694227,1.173874266748206,-3.5007,LOSS,229.8663,-30.4,1.5,0.2,0.0,SL
2026-06-05 00:00:00,2026-06-05 00:00:00,SHORT,1.1608900000000002,1.1608900000000002,0.0,0.0,-0.0019,COST,229.8644,0.0,1.5,0.2,0.0,COST
2026-06-05 00:00:00,2026-06-05 08:00:00,SHORT,1.1608900000000002,1.1636276899666156,1.1636076899666157,1.1536428267556922,-3.4495,LOSS,226.4149,-27.4,1.5,0.2,0.0,SL
2026-06-16 12:00:00,2026-06-16 12:00:00,LONG,1.16058,1.16058,0.0,0.0,-0.0014,COST,226.4136,0.0,1.5,0.2,0.0,COST
2026-06-16 12:00:00,2026-06-17 20:00:00,LONG,1.16058,1.1568175175448154,1.1568375175448153,1.1705599532138253,-3.3862,LOSS,223.0274,-37.6,1.5,0.2,0.0,SL
2026-07-03 12:00:00,2026-07-03 12:00:00,LONG,1.1453099999999998,1.1453099999999998,0.0,0.0,-0.0014,COST,223.026,0.0,1.5,0.2,0.0,COST
2026-07-03 12:00:00,2026-07-06 08:00:00,LONG,1.1453099999999998,1.1415789493071191,1.141598949307119,1.1552061351810154,-3.3579,LOSS,219.6681,-37.3,1.5,0.2,0.0,SL
2026-07-06 20:00:00,2026-07-06 20:00:00,LONG,1.1431,1.1431,0.0,0.0,-0.0018,COST,219.6663,0.0,1.5,0.2,0.0,COST
2026-07-06 20:00:00,2026-07-08 00:00:00,LONG,1.1431,1.1402838518320224,1.1403038518320223,1.1505563951146074,-3.2949,LOSS,216.3714,-28.2,1.5,0.2,0.0,SL
2026-07-08 16:00:00,2026-07-08 16:00:00,SHORT,1.13961,1.13961,0.0,0.0,-0.0016,COST,216.3698,0.0,1.5,0.2,0.0,COST
2026-07-08 16:00:00,2026-07-08 20:00:00,SHORT,1.13961,1.1426955950379447,1.1426755950379448,1.1314350798988142,-3.2399,LOSS,213.13,-30.9,1.5,0.2,0.0,SL
